2007.17,$129.99,2007.33
$94.99,2007.50,$73.99
2007.67,$66.99,2007.75
$60.99,2007.83,$44.99
2007.92,$49.95,2008.00
$94.99,2008.08,$44.99
2008.33,$44.99,2008.50
$77.99,2008.58,$35.99
2008.67,$29.99,2008.83
$49.99,2008.92,$39.99
2009.00,$39.99,2009.08
$21.99,2009.25,$42.99
2009.42,$46.99,2009.50
$44.99,2009.58,$51.99
2009.75,DDR2-1066,$74.99
2009.92,$41.99,2010.00
$77.99,2010.08,$79.99
2010.17,$39.99,2010.33
$92.99,2010.50,DDR3-1333
$84.99,2010.58,DDR3-1333
$89.99,2010.75,DDR3-1066
$69.99,2010.83,DDR3-1333
$59.99,2010.92,DDR3-1333
$99.99,2011.00,DDR3-1333
$40.98,2011.08,DDR3-1333
$41.99,2011.33,DDR3-1333
$81.99,2011.42,DDR3-1333
$69.99,2011.67,DDR3-1333
$21.99,2011.75,DDR3-1333
$41.99,2012.00,DDR3-1600
$39.99,2012.08,DDR3-1600
$39.99,2012.25,DDR3-1333
$40.99,2012.33,DDR3-1333
$39.99,2012.58,DDR3-1333
$77.99,2012.67,DDR3-1600
$64.79,2012.83,DDR3-1333
$29.99,2013.00,DDR3-1600
$34.99,2013.08,DDR3-1600
$88.99,2013.33,DDR3-1866
$109.99,2013.42,DDR3-1333
$49.99,2013.58,DDR3-1333
$59.99,2013.67,DDR3-1600
$52.99,2013.75,DDR3-1866
$133.99,2013.83,DDR3-1600
$69.99,2013.92,DDR3-1600
$129.99,2014.08,DDR3-1600
$38.99,2014.17,DDR3-1600
$64.99,2014.25,DDR3-1600
$29.99,2014.42,DDR3-1333
$64.99,2014.58,DDR3-1600
$69.99,2014.67,DDR3-1600
$69.99,2014.83,DDR3-1600
$34.99,2015.00,DDR3-1866
$63.99,2015.08,DDR3-1600
$59.99,2015.25,DDR3-1600
$49.99,2015.33,DDR3-1600
$91.99,2015.50,DDR3-1600
$39.99,2015.58,$73.99
2015.67,DDR3-1333,$34.99
2015.75,DDR3-1600,$68.99
2015.83,DDR3-1600,$62.99
2015.92,DDR3-1600,$59.99
2016.08,$58.99,2016.25
$49.99,2016.33,DDR4-2133
$48.99,2016.42,DDR3-1866
$44.99,2016.50,DDR3-1600
$49.99,2016.58,DDR3-1600
$57.99,2016.75,DDR4-2133
$114.99,2016.83,DDR4-2133
$67.99,2016.92,DDR4-3000
$74.99,2017.00,DDR4-3000
$79.99,2017.17,DDR3-2133
$89.99,2017.33,DDR4-2133
$185.99,2017.42,DDR3-1600
$89.99,2017.50,DDR3-1600
$95.99,2017.67,DDR3-1600
$49.99,2017.75,DDR3-1600
$109.99,2017.92,DDR3-1600
$115.99,2018.08,DDR3-1600
$108.99,2018.17,DDR3-1600
$113.99,2018.33,DDR3-1600
$110.99,$0.99,2018.42
DDR3-1600,$104.99,2018.50
DDR3-1600,$109.99,$0.99
2018.58,DDR3-1600,$99.99
$0.99,2018.67,DDR3-1600
$89.99,2018.83,$82.99
2018.92,DDR3-1333,$37.99
2019.00,$69.99,2019.08
$69.99,2019.17,$68.99
2019.25,DDR3-1600,$59.99
$0.99,2019.33,DDR3-1600
$27.99,2019.42,DDR4-2400
$25.99,2019.50,DDR4-2400
$44.99,2019.58,DDR4-2400
$44.99,2019.67,DDR4-2666
$53.99,2019.75,DDR4-2666
$99.99,2019.83,DDR4-3000
$94.99,2019.92,DDR4-3000
$92.99,2020.00,DDR4-2400
$47.99,2020.08,DDR4-2400
$99.99,2020.17,DDR4-2400
$114.99,2020.25,DDR4-3000
$57.99,2020.33,DDR4-2666
$114.99,2020.42,DDR4-2400
$104.99,2020.50,DDR4-2666
$94.99,2020.58,DDR4-3200
$89.99,2020.67,DDR4-2666
$91.99,2020.75,DDR4-3000
$89.99,2020.83,DDR4-3200
$89.99,2020.92,DDR4-3000
$97.99,2021.08,DDR4-3000
$109.99,2021.25,DDR4-2666
$259.99,2021.33,DDR4-2666
$229.99,2021.50,DDR3-1600
$31.99,2021.58,DDR4-2133
$119.99,2021.67,DDR4-2666
$51.99,2021.75,DDR4-2400
$48.99,2021.92,DDR4-2666
$84.99,2022.00,DDR4-2666
$92.99,2022.08,DDR4-2666
$93.99,2022.17,DDR4-3200
$99.99,2022.25,DDR4-2400
$49.99,$0.99,2022.33
DDR4-3200,2022.42,DDR4-3200
2022.58,DDR4-3200,2022.67
DDR4-2666,2022.75,DDR4-2666
2022.83,DDR4-2666,2022.92
DDR4-2400,$68.99,2023.00
DDR4-2666,$1.99,2023.08
DDR4-3200,2023.17,DDR4-3200
2023.33,DDR4-3200,2023.42
DDR4-2666,$93.99,2023.50
DDR4-3200,$45.99,2023.67
DDR4-3200,$92.99,2023.75
DDR4-3200,2023.83,DDR4-2666
2024.00,DDR4-3200,2024.08
DDR4-3200,2024.17,DDR4-2666
2024.33,DDR4-3200,$52.99
2024.50,DDR4-3600,